,EmployeeNumber,Attrition,PerformanceRating,MonthlyRate,JobInvolvement,RelationshipSatisfaction,JobSatisfaction
0,1,Yes,3,19479,3,1,4
1,2,No,4,24907,2,4,2
2,4,Yes,3,2396,2,2,3
3,5,No,3,23159,3,3,3
4,7,No,3,16632,3,4,2
5,8,No,3,11864,3,3,4
6,10,No,4,9964,4,1,1
7,11,No,4,13335,3,2,3
8,12,No,4,8787,2,2,3
9,13,No,3,16577,3,2,3
10,14,No,3,16479,4,3,2
11,15,No,3,12682,2,4,3
12,16,No,3,15170,3,4,3
13,18,No,3,8758,3,3,4
14,19,Yes,3,12947,2,2,3
15,20,No,3,10195,4,3,1
16,21,No,3,15053,4,4,2
17,22,No,3,7324,4,2,4
18,23,No,3,22021,2,3,4
19,24,No,3,4306,3,3,4
20,26,No,3,8232,4,4,3
21,27,Yes,4,6986,2,2,1
22,28,No,3,21293,3,3,2
23,30,No,3,19281,3,4,4
24,31,Yes,3,17102,3,3,1
25,32,No,3,10735,3,4,3
26,33,Yes,4,4681,1,2,1
27,35,No,3,21173,3,4,2
28,36,No,3,2094,2,4,4
29,38,No,3,22822,3,4,1
30,39,No,3,6670,3,4,4
31,40,No,3,19121,3,4,4
32,41,No,3,16117,2,1,3
33,42,Yes,3,3335,3,3,4
34,45,Yes,3,3020,3,1,4
35,46,No,3,21923,4,4,3
36,47,Yes,3,3810,2,3,3
37,49,No,3,9687,3,1,4
38,51,No,3,13072,2,4,1
39,52,No,3,3193,4,1,1
40,53,No,3,10910,3,3,4
41,54,No,3,19715,3,4,1
42,55,Yes,3,10558,1,3,3
43,56,No,3,2975,3,4,3
44,57,No,4,10781,3,4,4
45,58,Yes,3,16280,3,4,3
46,60,No,4,10034,3,3,3
47,61,No,4,10227,3,1,2
48,62,No,4,20445,3,3,4
49,63,No,3,4892,4,4,4
50,64,Yes,3,19294,2,4,3
51,65,Yes,3,11179,3,3,3
52,68,No,4,4009,3,3,1
53,70,No,3,8302,2,3,1
54,72,No,3,21436,2,3,4
55,73,No,3,15146,3,3,4
56,74,No,4,11031,3,4,1
57,75,No,3,16002,3,3,1
58,76,No,4,9528,3,4,4
59,77,No,3,2689,2,3,3
60,78,No,4,10877,3,2,4
61,79,No,3,5456,3,4,4
62,80,No,3,16701,2,4,3
63,81,No,3,2354,3,4,1
64,83,No,3,8202,3,2,3
65,84,No,3,19730,3,3,3
66,85,No,3,22656,2,3,2
67,86,No,3,18787,3,3,1
68,88,No,3,5868,3,4,1
69,90,Yes,3,21777,2,1,3
70,91,No,3,24668,2,4,3
71,94,No,4,4956,3,4,2
72,95,No,3,18775,3,2,2
73,96,No,3,7346,3,2,2
74,97,No,3,22002,4,2,4
75,98,No,4,20682,3,4,4
76,100,No,3,23016,2,2,1
77,101,No,3,15067,3,2,1
78,102,No,3,25258,3,1,3
79,103,No,4,10425,3,4,2
80,104,No,3,15998,2,3,4
81,105,No,3,26278,2,1,3
82,106,No,3,18092,3,4,4
83,107,No,3,15717,1,4,4
84,110,No,3,17736,3,3,2
85,112,No,3,21698,1,1,4
86,113,No,3,9518,3,3,1
87,116,No,4,18725,3,2,4
88,117,No,3,15830,2,1,4
89,118,Yes,3,13596,2,4,4
90,119,No,4,14115,2,4,2
91,120,No,4,8423,3,4,4
92,121,No,3,19760,2,2,2
93,124,No,3,3142,2,3,1
94,125,No,3,24301,3,1,3
95,126,No,3,24001,3,1,3
96,128,No,4,17519,3,1,3
97,129,No,3,8863,3,2,3
98,131,No,3,24409,3,3,3
99,132,No,3,25043,3,3,2
100,133,Yes,4,23648,3,4,1
101,134,No,3,15178,3,4,1
102,137,Yes,3,19783,2,2,4
103,138,No,3,12482,3,3,3
104,139,No,3,15850,2,4,4
105,140,No,4,21922,2,4,4
106,141,No,3,9755,3,1,2
107,142,Yes,3,26959,2,4,3
108,143,No,3,26897,2,3,4
109,144,No,3,23785,3,3,4
110,145,No,4,25796,2,3,1
111,147,Yes,4,22887,1,4,3
112,148,No,3,13871,4,3,4
113,150,No,3,13257,3,3,3
114,151,No,3,15000,2,3,2
115,152,No,3,14506,3,1,4
116,153,No,3,5615,2,4,1
117,154,No,3,22952,3,3,4
118,155,No,4,2561,3,1,4
119,158,No,3,19494,3,4,4
120,159,No,4,22310,1,3,3
121,160,No,3,15480,3,1,2
122,161,Yes,3,4510,3,1,2
123,162,No,3,6462,3,3,3
124,163,Yes,3,20739,1,2,3
125,164,No,3,23300,2,3,2
126,165,Yes,3,3465,3,4,4
127,167,Yes,3,26820,3,4,3
128,169,No,3,19299,3,3,4
129,170,No,3,5549,3,3,1
130,171,No,3,16090,4,4,3
131,174,No,3,6645,3,4,4
132,175,Yes,3,24788,1,3,3
133,176,No,3,21196,3,3,3
134,177,No,4,8916,3,4,3
135,178,No,4,2819,3,4,2
136,179,Yes,3,25150,1,4,4
137,182,No,3,14590,2,3,3
138,183,No,3,24835,2,4,3
139,184,No,3,13982,3,4,4
140,190,Yes,4,10224,3,1,1
141,192,No,3,9752,3,2,4
142,193,No,4,2302,3,2,3
143,194,No,3,23910,3,3,3
144,195,No,3,22812,1,4,4
145,197,No,3,10415,3,4,1
146,198,No,3,11162,2,4,4
147,199,No,3,12888,2,2,1
148,200,No,4,6961,3,4,1
149,201,No,3,16102,3,4,2
150,202,No,3,8504,3,1,2
151,204,No,3,11439,3,1,2
152,205,No,4,16047,3,4,3
153,206,No,3,10901,3,3,2
154,207,No,3,15589,3,4,4
155,208,No,3,26283,3,1,3
156,211,No,3,13983,2,3,3
157,214,No,4,11873,2,2,2
158,215,No,3,8552,2,1,4
159,216,No,3,11314,3,4,3
160,217,No,4,11992,3,1,4
161,218,No,3,5970,3,4,2
162,221,No,3,6672,3,3,4
163,223,No,3,23402,4,2,4
164,224,No,3,25326,2,4,3
165,226,No,3,17053,3,2,2
166,227,No,3,4609,3,1,3
167,228,No,3,8053,3,3,4
168,230,No,4,12930,2,3,4
169,231,No,4,12430,3,1,3
170,233,No,3,13364,3,4,2
171,235,Yes,4,20989,1,1,1
172,238,No,3,15062,3,3,2
173,239,No,3,11012,3,3,1
174,240,No,3,6319,3,1,1
175,241,No,3,13939,3,3,1
176,242,No,3,10515,3,1,4
177,243,Yes,4,9241,2,3,4
178,244,No,4,2137,3,3,1
179,245,No,3,6319,3,3,4
180,246,No,4,6984,3,3,4
181,247,No,3,5711,3,4,2
182,248,Yes,4,21728,3,4,2
183,249,No,3,3425,2,4,3
184,250,No,3,26250,4,3,1
185,252,No,3,4673,3,4,2
186,253,No,3,6499,3,2,3
187,254,No,3,13339,4,4,2
188,256,No,3,14074,2,3,3
189,258,No,3,7192,3,3,2
190,259,No,3,5678,2,1,3
191,260,No,3,11781,3,4,2
192,261,Yes,3,15497,2,1,3
193,262,No,3,5228,4,4,4
194,264,No,4,20462,2,4,4
195,267,No,3,22977,4,1,1
196,269,No,3,15986,3,4,2
197,270,No,3,16439,3,2,3
198,271,No,3,7259,3,2,3
199,273,No,3,4185,3,1,4
200,274,No,3,9679,2,3,1
201,275,No,3,23793,3,1,4
202,277,No,3,5972,3,4,3
203,281,No,3,16523,3,3,4
204,282,Yes,3,11354,3,2,1
205,283,Yes,4,24525,3,4,4
206,284,No,3,12392,4,1,2
207,286,No,3,7703,3,1,4
208,287,No,3,14242,2,4,4
209,288,No,3,12368,3,3,1
210,291,Yes,3,25812,1,3,4
211,292,No,4,20925,2,3,3
212,293,No,3,12916,3,4,3
213,296,No,3,15736,2,4,2
214,297,Yes,3,8556,3,3,1
215,298,No,3,14674,3,3,4
216,299,Yes,3,22967,2,3,1
217,300,Yes,3,19757,3,4,3
218,302,No,3,16840,2,4,4
219,303,No,3,17011,3,4,1
220,304,No,3,9945,3,4,2
221,305,No,4,13248,2,4,2
222,306,No,3,10056,3,3,4
223,307,No,3,9647,3,3,3
224,308,No,3,4381,1,4,3
225,309,No,3,8456,2,1,4
226,311,No,3,2539,3,3,4
227,312,No,3,6599,3,4,4
228,314,No,3,9096,3,1,3
229,315,Yes,3,14961,2,3,4
230,316,No,3,3300,2,2,4
231,319,No,3,4933,3,4,4
232,321,No,3,25657,3,4,3
233,323,No,3,24118,3,3,4
234,325,Yes,3,22149,3,3,4
235,327,No,4,7744,3,3,4
236,328,Yes,4,21509,3,1,1
237,329,No,3,21030,2,4,3
238,330,No,3,20990,3,1,2
239,331,Yes,3,9571,2,4,3
240,332,No,3,15417,3,3,3
241,333,No,3,12069,3,1,4
242,334,No,3,19877,3,1,1
243,335,No,3,24447,3,1,4
244,336,No,3,15970,4,3,4
245,337,No,3,13523,3,1,3
246,338,No,3,14776,2,3,4
247,339,No,3,23687,2,2,1
248,340,No,3,18697,2,1,1
249,341,No,3,5118,4,4,3
250,342,Yes,3,22573,3,2,3
251,343,No,4,6420,3,4,3
252,346,No,3,22673,3,1,4
253,347,No,3,23016,4,3,1
254,349,No,3,10732,3,4,4
255,350,No,3,7505,3,4,3
256,351,No,3,8007,2,3,1
257,352,No,3,5949,3,4,3
258,353,No,3,23231,3,2,4
259,355,Yes,3,11652,2,2,2
260,359,No,4,26062,4,3,2
261,361,No,3,19682,2,4,4
262,362,No,3,19737,2,4,1
263,363,No,3,14977,1,2,2
264,364,Yes,3,14935,3,3,3
265,366,No,3,3687,2,2,2
266,367,No,4,14408,2,2,4
267,369,No,3,18384,4,4,1
268,372,No,3,7501,3,2,4
269,373,No,3,20251,3,3,4
270,374,No,3,18938,3,3,1
271,376,Yes,3,10268,3,4,2
272,377,No,4,2613,3,4,4
273,378,No,3,22825,3,2,4
274,379,No,3,10531,2,1,3
275,380,No,3,11677,3,1,4
276,381,No,3,19100,4,2,2
277,382,No,4,19191,4,3,1
278,384,No,4,26767,3,1,2
279,385,No,3,15815,3,1,2
280,386,No,3,21016,3,4,3
281,387,No,4,24532,3,3,3
282,388,No,3,20260,3,1,4
283,389,No,3,15972,3,4,4
284,390,No,3,22722,3,3,1
285,391,No,3,15881,3,2,4
286,392,Yes,4,19920,3,4,3
287,393,No,3,18899,3,2,4
288,394,Yes,3,14180,3,4,2
289,395,No,4,4488,3,4,4
290,396,No,3,25594,3,4,1
291,397,No,3,26285,3,4,2
292,399,No,3,3909,3,3,2
293,401,Yes,3,8450,2,2,4
294,403,No,3,11411,3,3,4
295,404,No,3,14864,3,4,2
296,405,Yes,3,25233,3,3,3
297,406,No,3,5100,3,3,2
298,407,No,3,7122,4,4,4
299,408,No,3,16321,1,4,2
300,410,No,3,15896,3,2,2
301,411,No,3,9724,2,1,3
302,412,No,3,4824,4,3,1
303,416,No,3,12241,4,2,4
304,417,No,3,10942,4,1,4
305,419,No,3,6927,3,3,2
306,420,No,3,16985,2,3,3
307,421,No,3,26707,2,3,2
308,422,No,3,17056,1,4,3
309,423,No,3,10077,3,3,4
310,424,No,3,17822,2,4,1
311,425,No,3,20308,3,1,1
312,426,No,3,7747,3,2,4
313,428,No,3,23364,3,2,2
314,429,No,3,5355,3,4,1
315,430,No,3,10675,3,1,4
316,431,No,3,17810,2,4,3
317,433,Yes,3,17747,2,1,2
318,434,No,3,20938,3,2,2
319,436,No,3,24624,2,4,2
320,437,No,3,5242,3,1,3
321,438,No,3,7143,3,4,4
322,439,No,3,10557,4,3,4
323,440,Yes,3,24737,1,4,4
324,441,No,3,11934,3,4,4
325,442,No,4,14034,2,1,3
326,444,No,3,21141,2,1,4
327,445,Yes,3,17778,3,1,3
328,446,No,3,4317,2,3,4
329,447,No,3,16375,3,2,3
330,448,No,3,6227,2,2,3
331,449,No,3,22107,3,4,2
332,450,No,3,16885,3,4,3
333,451,No,3,9262,3,1,1
334,452,No,3,9278,3,1,4
335,453,No,4,13273,1,3,4
336,454,Yes,3,4759,1,4,1
337,455,No,3,7621,2,3,4
338,456,No,3,5431,2,3,3
339,458,No,3,3415,3,1,2
340,460,No,3,23177,3,3,4
341,461,No,3,15682,2,2,4
342,462,No,3,25713,3,3,4
343,463,No,3,11866,2,1,2
344,464,No,3,18264,3,4,2
345,465,No,3,16092,3,3,4
346,466,No,3,10110,2,4,2
347,467,No,3,25751,3,1,3
348,468,No,3,15901,3,2,4
349,469,No,3,16928,3,1,3
350,470,No,3,24017,3,3,3
351,471,No,3,3956,3,3,2
352,473,No,4,23978,3,2,3
353,474,No,3,17001,4,1,1
354,475,No,3,6069,3,2,3
355,476,No,3,20156,3,2,3
356,477,No,4,17078,2,2,4
357,478,Yes,3,9150,2,3,2
358,479,No,3,15276,3,2,4
359,481,No,3,7246,2,1,4
360,482,No,3,2967,3,3,3
361,483,No,3,22495,4,3,3
362,484,No,4,2851,3,3,4
363,485,Yes,3,9150,3,2,3
364,486,No,4,17663,3,2,1
365,487,No,3,16044,3,3,3
366,488,Yes,3,9558,3,3,2
367,491,No,3,2755,2,4,4
368,492,Yes,3,6110,2,1,3
369,493,No,3,7551,2,4,2
370,494,Yes,3,25422,4,4,2
371,495,No,3,18168,3,4,4
372,496,No,3,19394,2,3,2
373,497,No,3,17881,3,2,2
374,498,No,3,20750,3,4,4
375,499,No,4,12066,2,3,3
376,500,No,3,14862,3,3,4
377,501,No,3,11868,3,2,3
378,502,Yes,3,4652,4,2,4
379,505,No,3,23258,3,3,4
380,507,No,3,5915,3,4,3
381,508,No,3,17434,3,1,2
382,510,Yes,4,6582,3,3,1
383,511,No,3,24440,3,4,2
384,513,No,3,3809,2,2,3
385,514,Yes,4,3427,3,3,4
386,515,No,3,26914,3,3,1
387,516,No,3,22553,3,3,2
388,517,No,3,20490,3,2,1
389,518,No,3,21123,3,4,2
390,520,No,3,4345,2,3,2
391,521,No,4,13436,2,2,3
392,522,No,3,8509,3,3,1
393,523,No,3,12740,3,1,3
394,524,No,3,4156,3,2,1
395,525,No,4,15238,3,1,4
396,526,No,3,2227,3,4,3
397,527,No,3,12090,2,2,4
398,529,No,3,23866,3,1,3
399,530,No,3,16193,2,3,1
400,531,No,3,8213,3,3,3
401,532,No,3,18256,4,4,1
402,533,No,3,19558,3,2,3
403,534,No,3,19566,4,3,1
404,536,No,3,13535,3,4,1
405,538,Yes,3,9396,3,3,1
406,543,No,3,19609,2,3,3
407,544,No,4,9655,3,4,4
408,546,No,3,10310,3,4,4
409,547,No,3,12932,3,2,3
410,548,No,4,24793,1,3,4
411,549,No,3,3854,3,4,1
412,550,No,3,26314,3,3,3
413,551,No,3,4386,2,4,4
414,554,Yes,3,21972,3,2,2
415,555,Yes,3,12253,1,4,3
416,556,No,4,12106,3,3,4
417,558,No,3,13022,3,4,3
418,560,No,4,3032,3,2,4
419,562,No,3,16734,3,3,4
420,564,No,3,21526,2,3,3
421,565,Yes,3,18300,2,2,2
422,566,Yes,3,18437,2,3,4
423,567,No,3,2890,3,3,1
424,568,No,3,22102,2,3,4
425,569,No,3,9314,2,2,3
426,571,No,3,7181,3,3,4
427,573,No,3,2845,2,4,1
428,574,No,3,7389,3,3,4
429,575,No,3,2288,3,3,3
430,577,No,3,19225,1,3,3
431,578,No,3,23428,3,3,3
432,579,No,3,8416,2,3,3
433,580,No,3,11563,2,3,4
434,581,No,4,14394,3,4,2
435,582,Yes,3,24619,3,4,3
436,584,Yes,3,6705,1,1,4
437,585,No,3,18398,3,1,2
438,586,No,3,14295,3,3,3
439,587,Yes,3,22908,3,1,3
440,590,Yes,3,11533,3,3,1
441,591,No,3,9260,3,4,3
442,592,No,3,15318,3,4,4
443,593,Yes,3,9129,2,3,3
444,595,No,3,19658,3,1,4
445,597,No,4,9873,3,4,2
446,599,No,3,13430,3,4,4
447,600,No,3,18659,3,3,3
448,601,No,3,20364,3,3,3
449,602,No,3,17872,3,1,3
450,604,No,3,8346,3,3,4
451,605,No,4,6950,3,4,1
452,606,No,3,16177,3,2,2
453,608,Yes,3,22808,3,2,3
454,611,No,3,22645,3,2,4
455,612,No,3,22578,4,3,3
456,613,No,4,25291,2,3,4
457,614,Yes,3,8059,3,4,2
458,615,No,3,11373,1,3,1
459,616,No,3,2112,2,1,3
460,618,No,3,4267,3,1,3
461,620,No,3,6698,3,4,3
462,621,No,3,19921,4,4,4
463,622,Yes,3,23213,1,2,4
464,623,No,3,23848,3,4,4
465,624,No,3,8984,3,4,3
466,625,No,3,5626,3,2,1
467,626,No,3,24666,3,4,2
468,630,No,3,22087,3,2,1
469,631,Yes,3,23914,4,4,3
470,632,No,3,5530,3,3,4
471,634,No,3,22174,3,3,3
472,635,No,3,15701,3,2,2
473,638,No,3,2125,2,3,3
474,639,No,3,21630,4,2,4
475,641,No,4,7428,3,4,2
476,643,No,4,9100,2,4,2
477,644,No,3,7999,3,3,2
478,645,No,3,26376,3,3,3
479,647,Yes,3,14168,3,4,3
480,648,Yes,3,14470,2,3,1
481,649,No,3,22794,2,4,4
482,650,Yes,3,11512,3,3,1
483,652,No,3,14004,2,4,4
484,653,No,4,6219,4,4,4
485,655,No,3,5013,2,3,3
486,656,No,3,3010,3,3,3
487,657,No,3,11757,2,4,2
488,659,No,3,5718,3,2,4
489,661,No,3,2671,2,3,4
490,662,No,3,14561,3,4,1
491,663,No,3,19627,3,2,3
492,664,No,3,17997,2,1,1
493,665,No,3,26894,2,2,3
494,666,No,3,2912,3,4,3
495,667,Yes,3,16346,3,2,1
496,669,No,3,24444,3,3,3
497,671,No,3,9358,3,1,4
498,675,No,4,12145,3,4,3
499,677,No,3,20431,3,4,3
500,679,No,3,18089,3,4,4
501,680,No,4,22653,3,3,3
502,682,No,4,7507,3,4,1
503,683,No,3,7660,3,4,4
504,684,Yes,3,5630,3,4,1
505,686,No,3,17759,3,3,4
506,689,No,3,9606,3,3,3
507,690,No,3,3487,3,1,3
508,691,No,3,19368,1,2,4
509,692,No,4,5335,3,3,4
510,698,No,3,6729,3,3,2
511,699,No,3,13934,2,3,2
512,700,No,3,15174,2,4,4
513,701,Yes,3,26999,3,4,3
514,702,Yes,3,3164,3,1,1
515,704,No,3,16900,2,3,3
516,705,No,3,8544,4,1,1
517,707,No,4,15678,4,3,2
518,709,No,4,7791,2,1,4
519,710,No,3,18959,1,4,4
520,712,No,3,18597,4,4,2
521,714,No,4,16673,4,2,4
522,715,No,3,15232,4,1,4
523,716,No,3,3297,4,3,3
524,717,No,3,17654,2,2,2
525,720,Yes,3,24785,3,1,3
526,721,No,3,20978,2,1,3
527,722,No,3,21703,3,4,4
528,723,Yes,3,23452,3,1,3
529,724,No,3,19383,4,3,4
530,725,No,3,6009,3,4,1
531,727,No,3,19373,3,4,4
532,728,No,3,11825,3,4,1
533,729,No,4,23772,2,3,1
534,730,No,3,13514,4,3,3
535,731,No,3,8861,2,2,4
536,732,No,3,11924,3,4,1
537,733,No,4,4809,3,3,1
538,734,No,3,19562,2,2,3
539,738,No,3,9983,3,4,2
540,741,Yes,3,3872,1,4,2
541,742,No,3,20335,4,1,1
542,743,No,3,15397,3,4,3
543,744,No,3,2104,1,3,3
544,746,No,3,10225,3,4,3
545,747,No,4,25275,3,4,4
546,749,No,3,2755,3,3,3
547,752,Yes,3,20366,4,4,3
548,754,No,3,23683,2,3,4
549,757,No,3,7360,3,4,3
550,758,No,3,4344,3,4,1
551,760,No,3,18767,4,3,2
552,762,No,3,20420,3,3,4
553,763,No,4,22929,2,4,4
554,764,No,3,23398,2,1,1
555,766,No,3,17967,3,4,2
556,769,No,3,10919,3,4,4
557,771,No,3,4761,3,1,1
558,772,No,3,21146,3,4,4
559,773,No,3,20471,3,2,3
560,775,No,3,4187,3,3,1
561,776,No,3,10084,2,1,1
562,780,Yes,3,5207,3,3,4
563,781,No,4,22807,3,2,4
564,783,No,3,12388,1,1,3
565,784,No,3,19630,4,4,3
566,785,Yes,3,10339,4,4,3
567,786,No,4,18686,3,3,4
568,787,Yes,3,21199,3,4,1
569,789,No,3,14229,2,2,1
570,791,No,3,26589,3,1,4
571,792,No,3,5288,1,1,4
572,793,No,3,25549,3,1,3
573,796,Yes,3,3064,2,3,1
574,797,No,3,13551,4,3,4
575,799,No,3,22670,3,2,1
576,800,No,3,24008,3,2,4
577,802,No,3,19905,3,2,1
578,803,No,3,26085,4,4,1
579,804,No,3,7530,2,3,1
580,805,No,3,20317,3,2,4
581,806,No,4,24375,1,3,3
582,807,No,4,9931,4,4,2
583,808,No,3,13305,3,2,1
584,809,No,3,16225,3,2,4
585,811,Yes,4,3445,4,3,1
586,812,No,3,26551,2,3,2
587,813,No,4,21821,3,2,3
588,815,No,3,6881,3,4,3
589,816,Yes,3,6689,2,4,1
590,817,No,3,25995,3,4,3
591,819,Yes,3,26507,3,3,1
592,820,No,3,12982,3,3,4
593,823,No,3,23361,3,1,2
594,824,No,4,23779,4,3,3
595,825,Yes,3,25761,3,4,2
596,826,No,3,13301,4,3,3
597,827,No,3,4051,2,4,4
598,828,Yes,3,16374,3,4,3
599,829,No,3,25527,3,2,2
600,830,No,3,19124,2,3,3
601,832,No,3,11983,2,4,3
602,833,No,4,20234,2,2,4
603,834,No,3,6153,2,4,3
604,836,No,3,11806,3,4,2
605,837,No,3,4284,2,3,1
606,838,No,3,8306,2,3,4
607,840,Yes,3,5860,3,1,4
608,842,Yes,3,21519,3,3,4
609,843,No,4,5200,3,3,1
610,844,No,3,8842,2,2,4
611,845,No,4,18869,3,2,3
612,846,No,4,3698,3,1,2
613,847,No,3,2243,3,3,4
614,848,Yes,3,20898,2,1,3
615,850,No,3,16571,3,3,4
616,851,No,3,5594,3,3,3
617,852,No,3,5197,3,4,2
618,854,No,3,21632,4,3,1
619,855,No,4,21816,4,1,1
620,856,No,3,17852,2,4,1
621,857,No,3,2823,3,4,4
622,859,No,3,9250,3,3,4
623,861,No,3,2373,2,2,4
624,862,No,3,20715,2,4,4
625,864,No,3,19239,3,3,1
626,865,No,3,22162,4,3,3
627,867,No,4,19028,2,3,4
628,868,No,3,24558,2,4,3
629,869,No,3,23965,2,4,4
630,872,No,4,19146,2,1,4
631,874,No,4,5044,4,3,4
632,875,No,3,9068,3,4,4
633,878,No,4,8635,2,3,1
634,879,No,3,14363,3,4,1
635,880,No,4,23457,2,2,3
636,881,Yes,3,16612,3,1,2
637,882,No,3,9148,3,2,4
638,885,No,3,18154,2,1,1
639,887,No,3,10554,3,2,1
640,888,No,3,10778,2,4,4
641,889,No,3,8891,3,4,2
642,893,No,3,12102,2,4,2
643,894,No,3,23726,4,2,4
644,895,No,3,14871,3,2,4
645,896,Yes,3,23522,2,3,3
646,897,No,3,22789,3,3,4
647,899,No,3,9129,2,1,2
648,900,No,3,21222,3,2,4
649,901,No,3,20206,3,3,4
650,902,No,3,21782,3,2,4
651,903,No,4,17783,3,1,4
652,904,No,3,4814,3,4,2
653,905,No,3,4544,3,4,1
654,909,No,3,7790,2,3,4
655,910,No,3,22650,3,3,2
656,911,Yes,4,18016,3,3,4
657,912,No,3,6054,2,3,4
658,913,No,3,7508,3,4,1
659,916,No,3,24252,3,2,4
660,918,Yes,3,13384,2,4,4
661,920,No,4,23814,3,3,2
662,922,Yes,3,22052,2,4,3
663,923,Yes,3,8870,3,1,4
664,924,No,3,4821,3,1,4
665,925,No,3,13137,2,1,4
666,926,Yes,3,10022,3,1,3
667,927,Yes,3,17725,1,3,4
668,930,No,3,9834,3,2,3
669,932,Yes,4,4303,3,4,1
670,933,No,3,17808,3,3,3
671,934,No,3,6896,3,2,2
672,936,No,3,7824,2,1,3
673,939,No,3,3339,2,2,1
674,940,No,3,9255,2,4,2
675,941,No,3,11737,2,2,3
676,942,No,4,19170,3,4,4
677,944,No,3,22477,3,3,2
678,945,No,3,5543,3,1,3
679,947,No,3,24406,3,4,3
680,949,No,3,23293,3,3,4
681,950,No,3,16292,3,2,1
682,951,No,4,3974,2,3,2
683,952,Yes,3,18798,2,3,2
684,954,No,3,20652,2,2,2
685,956,No,3,11148,2,2,1
686,957,No,3,3119,3,3,1
687,958,No,4,12287,3,3,3
688,959,Yes,3,9947,2,2,2
689,960,Yes,3,13008,3,2,1
690,961,No,3,17369,3,3,4
691,964,No,3,25063,3,4,2
692,966,No,3,13554,3,3,1
693,967,Yes,3,5518,2,1,4
694,969,No,3,12291,2,1,4
695,970,Yes,3,14922,2,3,3
696,972,No,3,23163,3,2,2
697,974,No,3,18203,3,2,4
698,975,No,3,6179,3,2,3
699,976,No,3,13829,3,2,4
700,977,Yes,4,26227,3,1,3
701,981,No,3,13938,3,3,3
702,982,No,3,9977,3,1,3
703,983,No,3,19899,3,2,4
704,984,No,3,6812,3,2,4
705,985,No,3,2560,4,4,3
706,986,Yes,3,17071,4,4,2
707,987,No,3,6759,4,3,3
708,990,No,3,25952,3,4,4
709,991,Yes,4,10322,2,1,1
710,992,No,3,20489,3,4,3
711,994,Yes,4,11479,2,3,1
712,995,No,3,17241,3,1,4
713,996,No,3,11005,3,4,4
714,997,No,4,6615,3,3,4
715,998,No,3,20161,4,1,2
716,999,No,3,3735,3,2,3
717,1001,No,3,12086,3,2,2
718,1002,No,3,14039,3,3,1
719,1003,No,3,8571,3,3,4
720,1004,Yes,3,11539,3,2,3
721,1005,No,3,4161,3,4,3
722,1006,No,3,12127,3,2,3
723,1007,No,3,24208,3,2,3
724,1009,No,3,24117,2,2,3
725,1010,Yes,4,10074,2,4,2
726,1011,No,3,11275,3,3,1
727,1012,No,3,13493,3,4,4
728,1013,No,3,13943,3,3,3
729,1014,No,3,6975,3,3,3
730,1015,No,3,17802,4,3,1
731,1016,Yes,3,18275,2,1,1
732,1017,Yes,3,25725,3,1,2
733,1018,No,3,3334,4,2,4
734,1019,No,3,6881,1,1,1
735,1022,No,3,13119,2,4,3
736,1024,No,3,22245,2,2,3
737,1025,No,3,23371,3,2,3
738,1026,No,3,7060,2,3,4
739,1027,No,3,4658,3,2,4
740,1028,No,4,9541,3,1,4
741,1029,No,3,7770,3,2,3
742,1030,No,3,20165,3,2,4
743,1032,No,3,21829,2,1,4
744,1033,Yes,3,14382,1,1,2
745,1034,No,3,12992,3,4,2
746,1035,No,4,20284,1,2,3
747,1036,No,3,4981,3,3,4
748,1037,Yes,3,21813,1,4,1
749,1038,Yes,3,25846,1,4,4
750,1039,No,3,11737,4,3,4
751,1040,No,3,24920,3,1,3
752,1042,Yes,3,8269,4,3,1
753,1043,No,3,5083,3,3,1
754,1044,No,3,21437,2,4,4
755,1045,No,3,5404,3,2,4
756,1046,No,3,11135,3,2,3
757,1047,No,3,12278,4,4,4
758,1048,No,3,11038,3,3,4
759,1049,No,3,8318,3,1,2
760,1050,No,3,23537,2,1,2
761,1052,Yes,3,7858,3,2,3
762,1053,Yes,3,15346,3,2,1
763,1055,No,3,18410,3,4,3
764,1056,No,4,23384,3,2,2
765,1060,No,3,2997,3,1,3
766,1061,No,3,12853,3,4,3
767,1062,No,3,13848,3,1,2
768,1066,No,3,22217,3,2,1
769,1068,No,3,25265,2,3,3
770,1069,No,3,21445,3,4,4
771,1070,No,3,8392,2,2,3
772,1071,No,3,12154,3,2,3
773,1073,No,3,15669,2,2,4
774,1074,No,3,17323,2,2,1
775,1076,No,3,5268,2,3,4
776,1077,Yes,3,17205,3,2,4
777,1079,Yes,3,17258,2,1,1
778,1080,No,4,21029,2,1,1
779,1081,Yes,3,10332,3,3,3
780,1082,Yes,3,12355,2,1,1
781,1083,No,3,11141,2,1,1
782,1084,No,3,9096,3,3,1
783,1085,No,3,18863,4,3,3
784,1088,No,3,24608,2,1,3
785,1092,No,4,26542,3,4,4
786,1094,No,3,5869,1,4,3
787,1096,No,3,15813,3,2,2
788,1097,No,3,7909,3,4,3
789,1098,Yes,3,2326,2,4,1
790,1099,No,3,21214,2,3,4
791,1100,Yes,4,10333,3,1,1
792,1101,Yes,4,3129,2,2,3
793,1102,No,3,22482,3,4,3
794,1103,No,3,22266,3,3,4
795,1105,No,3,24223,2,3,4
796,1106,Yes,3,4605,3,2,4
797,1107,Yes,4,19373,3,3,3
798,1108,Yes,4,2993,2,2,2
799,1109,No,3,14399,3,4,1
800,1111,Yes,3,7160,2,1,2
801,1113,Yes,3,17251,3,4,3
802,1114,No,3,13401,3,3,2
803,1115,No,3,22478,2,4,4
804,1116,No,4,16154,4,3,4
805,1117,No,3,17970,2,4,3
806,1118,No,3,15322,3,4,2
807,1119,No,3,5569,2,2,3
808,1120,No,4,26968,3,1,4
809,1121,No,3,8039,3,2,2
810,1124,No,3,15596,3,4,3
811,1125,No,3,20619,3,3,2
812,1126,No,3,11535,3,3,1
813,1127,Yes,3,13547,3,4,4
814,1128,No,3,17544,2,1,3
815,1131,No,3,25326,2,3,2
816,1132,No,3,8770,3,3,2
817,1133,No,4,23238,3,1,4
818,1135,No,3,21981,4,1,4
819,1136,No,3,19911,2,1,2
820,1137,No,3,18500,3,4,4
821,1138,No,3,11879,2,2,2
822,1140,No,3,15834,3,4,3
823,1143,No,3,17940,3,4,2
824,1148,No,3,9558,1,1,4
825,1150,No,3,17689,2,3,4
826,1152,No,3,6004,4,4,3
827,1154,No,3,22088,2,4,3
828,1156,Yes,3,13556,3,4,3
829,1157,Yes,3,18385,3,1,1
830,1158,No,3,9051,3,1,4
831,1160,Yes,3,6233,3,3,3
832,1161,No,3,17171,2,3,4
833,1162,No,3,7950,2,3,3
834,1163,No,4,5829,3,1,3
835,1164,No,3,7108,3,2,3
836,1165,Yes,3,11162,2,1,1
837,1166,No,3,13782,3,3,3
838,1167,Yes,3,2447,3,2,1
839,1171,No,3,2253,3,4,1
840,1172,No,3,16340,2,2,3
841,1173,No,4,6409,3,4,2
842,1175,Yes,3,22955,3,4,4
843,1177,No,4,13421,4,2,4
844,1179,No,3,2706,2,1,3
845,1180,No,3,21203,2,4,4
846,1182,No,3,19588,2,2,2
847,1184,No,4,25755,2,3,1
848,1185,No,3,26537,2,2,4
849,1188,Yes,3,9489,1,2,3
850,1190,No,3,14947,3,3,1
851,1191,No,3,18575,3,4,1
852,1192,No,3,26342,3,1,4
853,1193,No,4,7172,3,3,1
854,1195,No,3,20100,3,3,3
855,1196,No,3,9961,2,2,4
856,1198,No,3,12828,2,1,3
857,1200,Yes,3,10826,3,3,3
858,1201,No,3,18640,3,2,3
859,1202,No,3,26933,1,1,4
860,1203,Yes,3,4223,2,2,4
861,1204,No,4,24097,3,1,1
862,1206,No,3,4279,1,4,3
863,1207,No,3,8429,3,4,3
864,1210,Yes,3,20293,2,1,1
865,1211,No,3,13192,3,3,1
866,1212,No,3,25440,3,4,2
867,1215,No,4,9490,3,3,1
868,1216,No,3,12449,2,3,1
869,1217,No,3,10849,3,1,2
870,1218,No,3,21026,3,4,1
871,1219,Yes,3,3372,3,1,2
872,1220,No,3,4905,3,1,3
873,1221,No,3,6865,1,3,3
874,1224,No,3,11309,3,1,3
875,1225,No,4,7744,3,2,4
876,1226,No,3,5050,4,4,4
877,1228,No,3,17433,3,3,4
878,1231,No,3,12858,4,1,1
879,1233,No,3,10893,4,2,4
880,1234,No,4,7331,2,3,2
881,1235,No,3,2338,3,4,3
882,1237,No,4,4235,1,3,1
883,1238,No,3,6311,3,2,4
884,1239,No,3,11591,2,2,2
885,1240,No,3,20623,3,2,4
886,1241,No,4,9369,3,1,2
887,1242,No,3,23281,3,3,1
888,1243,No,3,13755,2,2,4
889,1244,No,3,14377,3,4,1
890,1245,No,3,9659,3,1,3
891,1246,No,3,19982,4,4,4
892,1248,Yes,4,6148,2,2,2
893,1249,No,3,5598,3,1,4
894,1250,No,3,23474,3,1,4
895,1251,No,3,17089,3,4,1
896,1252,No,3,17198,2,2,1
897,1254,No,3,16490,2,4,4
898,1255,No,3,18625,1,2,4
899,1256,No,3,12124,2,3,3
900,1257,No,3,9256,3,3,2
901,1258,No,3,16620,4,3,2
902,1259,No,3,3208,3,2,3
903,1260,No,3,4204,3,2,4
904,1263,No,3,8733,2,3,4
905,1264,No,3,3423,2,2,4
906,1265,No,3,21643,4,4,3
907,1267,No,3,8751,3,3,2
908,1268,No,3,21708,4,4,3
909,1269,No,3,21221,4,4,4
910,1270,No,4,16901,3,4,3
911,1273,Yes,3,8040,1,4,4
912,1275,No,4,9973,3,2,4
913,1277,Yes,3,2493,1,1,2
914,1278,No,3,25592,2,4,2
915,1279,Yes,4,25308,2,3,3
916,1280,No,3,9946,2,3,2
917,1281,No,3,6039,3,4,1
918,1282,No,4,19196,3,1,2
919,1283,No,3,20002,3,4,4
920,1285,No,3,22534,3,3,2
921,1286,No,3,6842,3,3,3
922,1288,No,3,17477,4,4,1
923,1289,No,3,21833,2,4,2
924,1291,No,3,6020,3,4,3
925,1292,No,3,5628,4,4,2
926,1293,No,3,20364,2,4,4
927,1294,No,3,2323,3,4,2
928,1295,Yes,3,14075,3,4,4
929,1296,No,3,14222,2,2,4
930,1297,No,3,4257,2,2,3
931,1298,No,3,12858,3,3,3
932,1299,Yes,3,17285,3,1,3
933,1301,No,3,4732,3,2,1
934,1303,No,3,18830,3,4,2
935,1304,No,3,11693,4,3,4
936,1306,No,4,13035,3,3,2
937,1307,No,3,17334,2,4,2
938,1308,No,3,26076,3,4,3
939,1309,Yes,3,22845,3,1,3
940,1310,Yes,3,22154,3,1,1
941,1311,No,3,23631,2,1,4
942,1312,No,3,5747,3,1,3
943,1314,No,3,22957,3,3,1
944,1315,No,3,16392,1,1,4
945,1317,No,3,22422,3,2,1
946,1318,Yes,3,17235,2,3,2
947,1319,Yes,3,21534,3,3,2
948,1321,No,4,25927,3,4,1
949,1322,No,3,13352,3,1,3
950,1324,No,3,8935,3,1,3
951,1329,No,3,22074,1,1,2
952,1331,Yes,3,8319,3,1,2
953,1333,Yes,3,14669,3,3,1
954,1334,No,3,26582,3,4,3
955,1336,No,3,6992,1,4,3
956,1338,No,3,4022,3,1,2
957,1340,No,3,8532,3,2,3
958,1344,No,3,5494,3,4,4
959,1346,No,3,22455,3,3,4
960,1349,No,3,4297,3,4,1
961,1350,No,3,2690,3,2,3
962,1352,No,3,17588,3,2,2
963,1355,No,3,19461,3,4,1
964,1356,No,3,23553,3,4,1
965,1358,No,3,9075,3,3,4
966,1360,Yes,3,12023,2,4,1
967,1361,No,4,6762,3,3,2
968,1362,No,3,2261,4,4,1
969,1363,No,3,18706,3,3,4
970,1364,No,3,6527,4,2,4
971,1367,No,3,24439,2,2,2
972,1368,No,3,19305,3,3,4
973,1369,No,3,10846,2,2,4
974,1371,No,4,20392,1,2,4
975,1372,Yes,3,9277,4,3,3
976,1373,No,3,18235,3,1,2
977,1374,No,4,15891,2,3,3
978,1375,No,4,13888,4,2,3
979,1377,No,3,17491,3,1,3
980,1379,Yes,3,11882,2,3,4
981,1380,Yes,3,23288,3,3,3
982,1382,No,3,15748,4,4,3
983,1383,No,3,6163,3,4,4
984,1387,No,3,24232,2,3,1
985,1389,Yes,3,21057,3,4,3
986,1390,No,3,3567,2,4,4
987,1391,No,3,15395,3,2,2
988,1392,No,3,13953,3,1,4
989,1394,No,3,5182,3,4,3
990,1395,No,3,19293,3,1,4
991,1396,No,3,20497,3,1,2
992,1397,No,4,3449,3,2,3
993,1399,No,3,12477,4,2,3
994,1401,No,3,9731,4,2,3
995,1402,No,3,20003,2,1,3
996,1403,No,3,7100,2,4,4
997,1405,Yes,3,25681,3,4,3
998,1407,No,3,4050,2,4,4
999,1408,No,3,16616,3,3,1
1000,1409,No,3,17363,3,3,1
1001,1411,No,3,19106,3,1,3
1002,1412,No,3,19944,3,3,4
1003,1415,No,3,4910,3,2,4
1004,1417,No,3,23577,4,4,1
1005,1419,No,3,9769,2,1,1
1006,1420,Yes,4,22710,2,1,1
1007,1421,Yes,3,22930,3,1,4
1008,1422,No,3,5652,3,4,4
1009,1423,No,4,22456,3,3,1
1010,1424,No,3,12414,4,4,4
1011,1425,No,3,20763,3,4,2
1012,1427,Yes,3,16154,1,2,3
1013,1428,No,3,12761,3,2,1
1014,1430,No,3,8847,3,3,2
1015,1431,No,3,20284,3,3,1
1016,1433,Yes,3,22262,2,3,2
1017,1434,No,3,7679,3,2,1
1018,1435,No,3,22604,2,3,4
1019,1436,No,3,13494,2,1,1
1020,1438,No,3,10205,3,3,4
1021,1439,Yes,3,15182,2,1,1
1022,1440,No,3,25470,4,1,3
1023,1441,No,4,10494,3,4,1
1024,1443,No,3,26703,3,2,3
1025,1445,No,3,15211,3,3,3
1026,1446,No,3,23343,3,3,4
1027,1447,No,3,3708,2,1,2
1028,1448,No,3,5561,4,1,3
1029,1449,No,3,23099,3,3,3
1030,1453,No,3,8386,3,1,4
1031,1457,Yes,3,15986,3,1,4
1032,1458,Yes,4,17181,2,2,1
1033,1459,Yes,3,8931,4,1,2
1034,1460,No,3,19863,1,2,1
1035,1461,No,3,24609,4,4,2
1036,1464,Yes,3,21081,3,3,4
1037,1465,No,3,14720,3,4,4
1038,1466,No,3,24795,3,1,1
1039,1467,Yes,3,3072,3,4,3
1040,1468,No,3,25178,2,3,2
1041,1469,No,3,23490,3,4,1
1042,1471,No,3,7973,2,4,3
1043,1472,No,3,19764,4,2,2
1044,1473,No,3,21534,3,2,3
1045,1474,No,3,8045,3,3,3
1046,1475,No,3,21158,3,3,2
1047,1477,No,3,17456,3,1,1
1048,1478,No,3,15891,1,4,1
1049,1479,No,3,2939,3,3,3
1050,1480,No,3,16458,3,3,4
1051,1481,No,3,9282,3,3,3
1052,1482,No,3,7152,3,2,3
1053,1483,No,4,2721,4,1,3
1054,1484,No,3,20948,3,2,2
1055,1485,No,3,11929,3,4,1
1056,1486,Yes,3,15747,3,4,3
1057,1487,Yes,3,17485,3,1,2
1058,1489,Yes,4,7815,2,3,2
1059,1492,No,3,16192,3,1,3
1060,1494,Yes,3,16998,3,3,1
1061,1495,No,3,7103,3,3,2
1062,1496,No,3,19719,3,2,3
1063,1497,No,3,23757,2,3,3
1064,1499,No,4,15428,3,1,3
1065,1501,No,3,16143,3,2,3
1066,1502,No,3,8192,2,4,2
1067,1503,No,3,24200,3,3,3
1068,1504,Yes,3,5355,2,3,1
1069,1506,No,3,12530,2,4,3
1070,1507,No,3,11827,3,4,1
1071,1509,No,4,23070,2,1,1
1072,1513,No,3,4668,3,3,2
1073,1514,No,3,3173,1,2,2
1074,1515,No,3,22049,3,1,3
1075,1516,No,4,21072,3,2,4
1076,1520,No,4,24456,3,1,4
1077,1522,Yes,3,7568,2,3,1
1078,1523,No,3,22074,3,3,1
1079,1525,No,3,9150,3,4,2
1080,1527,No,3,11380,3,4,2
1081,1529,No,3,21195,2,4,2
1082,1533,No,3,24812,3,2,3
1083,1534,Yes,3,21831,3,2,1
1084,1535,No,3,12288,2,4,3
1085,1537,Yes,3,4156,3,1,3
1086,1539,No,3,24450,1,4,4
1087,1541,No,4,4944,3,2,3
1088,1542,No,3,24052,2,2,2
1089,1543,No,3,3031,3,1,4
1090,1544,No,3,7288,1,3,1
1091,1545,No,3,24152,2,4,2
1092,1546,No,4,4585,3,4,4
1093,1547,No,3,18611,3,3,4
1094,1548,No,3,19345,3,4,1
1095,1549,No,3,22949,3,2,3
1096,1550,No,4,17381,3,4,4
1097,1551,No,3,10036,2,2,1
1098,1552,No,3,8841,3,3,4
1099,1553,No,3,20933,3,1,2
1100,1554,No,4,26204,2,1,3
1101,1555,No,3,15624,2,1,2
1102,1556,No,4,17001,3,4,4
1103,1557,No,3,13693,3,3,3
1104,1558,No,3,22376,4,1,3
1105,1560,No,3,10589,3,4,1
1106,1562,Yes,3,5323,2,4,1
1107,1563,No,3,14814,3,3,3
1108,1564,No,3,21731,2,2,1
1109,1568,No,3,17799,3,2,2
1110,1569,Yes,3,26619,3,4,1
1111,1572,Yes,3,14618,2,2,4
1112,1573,Yes,3,7653,3,1,2
1113,1574,No,3,25174,3,2,1
1114,1576,No,3,16530,3,4,1
1115,1577,No,3,22061,3,3,4
1116,1578,No,4,23037,2,3,4
1117,1580,No,3,13008,3,2,4
1118,1581,No,4,11133,3,1,4
1119,1582,No,3,12355,3,4,2
1120,1583,No,3,16379,3,2,2
1121,1585,No,3,21447,3,1,3
1122,1586,No,3,16213,3,4,1
1123,1587,No,3,4223,3,3,3
1124,1588,No,3,4658,4,1,3
1125,1590,No,3,24483,3,4,4
1126,1591,No,3,19519,3,3,3
1127,1592,No,3,12826,4,4,3
1128,1594,No,3,19711,4,4,1
1129,1595,No,4,26362,2,4,4
1130,1596,No,3,25348,4,4,3
1131,1597,No,3,15332,2,2,3
1132,1598,No,3,11262,3,3,1
1133,1599,No,3,5855,4,3,2
1134,1601,No,3,7713,2,4,4
1135,1602,No,3,3156,4,2,1
1136,1604,Yes,3,7324,3,3,2
1137,1605,No,3,10293,2,2,3
1138,1606,No,3,20689,3,3,3
1139,1607,No,3,18783,4,4,4
1140,1608,No,3,3549,3,4,4
1141,1609,No,3,5348,2,2,2
1142,1611,No,3,23447,1,1,1
1143,1612,No,3,24162,2,1,1
1144,1613,No,3,21602,3,4,1
1145,1614,No,3,12421,3,2,3
1146,1615,No,3,17000,4,1,4
1147,1617,No,3,22102,3,4,1
1148,1618,No,3,3835,3,4,1
1149,1619,No,3,16290,2,1,1
1150,1621,No,3,26312,4,4,1
1151,1622,No,4,20460,1,2,1
1152,1623,No,3,26009,3,3,4
1153,1624,Yes,3,18420,3,3,4
1154,1625,No,3,5220,3,3,3
1155,1627,No,3,10302,2,4,3
1156,1628,No,3,25800,2,4,3
1157,1630,No,3,12250,3,4,3
1158,1631,No,3,26493,3,1,3
1159,1633,No,3,3140,3,4,3
1160,1635,No,3,5388,2,1,4
1161,1638,No,3,14199,2,4,3
1162,1639,Yes,3,21530,2,3,1
1163,1640,No,3,9953,3,1,2
1164,1641,No,3,19948,3,4,4
1165,1642,No,3,10503,3,3,4
1166,1644,No,4,5602,2,2,4
1167,1645,Yes,3,22098,1,4,4
1168,1646,No,3,17218,3,3,4
1169,1647,No,3,22490,4,1,3
1170,1648,No,3,6297,3,3,4
1171,1649,Yes,3,3339,3,2,1
1172,1650,No,3,23413,2,3,3
1173,1651,No,3,22792,3,3,1
1174,1653,No,3,4973,4,3,3
1175,1654,No,4,7693,3,3,2
1176,1655,No,3,3498,3,2,2
1177,1656,No,3,21981,2,3,1
1178,1657,No,3,13251,3,1,3
1179,1658,No,3,19332,3,3,2
1180,1659,No,3,10950,3,3,2
1181,1661,No,3,11652,2,2,3
1182,1662,No,3,15411,2,3,3
1183,1664,No,4,26308,4,1,1
1184,1665,No,4,18685,3,3,3
1185,1666,No,4,3525,2,1,3
1186,1667,Yes,4,10414,3,1,4
1187,1668,No,3,9867,3,4,4
1188,1669,No,3,3356,2,2,2
1189,1670,No,3,3921,3,3,4
1190,1671,No,3,25518,3,3,2
1191,1673,No,3,22589,3,1,4
1192,1674,No,3,24941,3,2,1
1193,1675,No,4,23826,2,2,2
1194,1676,No,3,21086,4,3,2
1195,1677,No,3,22384,3,1,3
1196,1678,No,3,11591,3,4,3
1197,1680,No,3,21082,3,1,1
1198,1681,No,4,16130,3,3,4
1199,1682,No,3,7419,3,2,3
1200,1683,No,3,4167,3,1,4
1201,1684,Yes,3,20586,2,1,3
1202,1687,No,3,26176,3,4,3
1203,1689,No,3,3458,4,3,4
1204,1691,Yes,3,11740,3,3,3
1205,1692,Yes,3,24852,3,1,2
1206,1693,No,4,11925,3,3,4
1207,1694,No,3,23737,2,4,2
1208,1696,No,3,11912,2,3,4
1209,1697,No,4,20467,1,3,4
1210,1698,No,3,13637,4,4,2
1211,1700,No,3,7677,1,3,4
1212,1701,No,3,20338,2,2,4
1213,1702,Yes,4,25103,3,2,4
1214,1703,No,3,14810,4,2,4
1215,1704,No,3,13970,2,3,4
1216,1706,No,3,6069,3,1,4
1217,1707,No,3,17616,4,4,3
1218,1708,No,3,15869,3,2,3
1219,1709,No,3,25412,3,3,3
1220,1710,No,3,7439,3,3,4
1221,1712,No,4,3395,2,4,3
1222,1714,Yes,3,11585,1,3,3
1223,1716,Yes,3,24164,1,3,3
1224,1718,No,3,6217,1,3,3
1225,1719,No,3,17119,2,3,2
1226,1720,No,3,17360,3,1,3
1227,1721,No,3,18103,3,4,3
1228,1722,No,3,20794,1,2,2
1229,1724,No,3,5041,3,2,1
1230,1725,No,3,3622,3,2,1
1231,1727,No,3,9697,3,4,2
1232,1728,No,3,5151,3,2,3
1233,1729,No,3,3811,3,2,4
1234,1731,No,3,3536,3,4,2
1235,1732,No,3,5596,3,2,4
1236,1733,Yes,3,8658,2,2,1
1237,1734,Yes,3,12147,1,2,2
1238,1735,No,3,12862,3,3,2
1239,1736,No,4,6670,3,4,4
1240,1737,No,3,8989,3,4,4
1241,1739,No,3,3840,1,3,3
1242,1740,No,3,4349,3,2,2
1243,1744,No,4,6595,1,3,3
1244,1745,No,3,26427,2,4,1
1245,1746,No,3,2097,3,4,4
1246,1747,Yes,3,9732,2,3,4
1247,1749,No,3,20943,3,3,3
1248,1751,No,3,6152,3,3,4
1249,1752,Yes,3,14630,1,3,2
1250,1753,No,3,23060,4,4,3
1251,1754,No,3,3088,2,1,1
1252,1755,No,3,5586,4,1,4
1253,1756,No,3,10697,3,4,2
1254,1757,No,3,8191,3,3,4
1255,1758,Yes,4,10092,3,3,1
1256,1760,No,3,15963,2,2,2
1257,1761,Yes,3,19002,3,1,3
1258,1762,No,3,10007,2,3,1
1259,1763,No,3,9128,4,3,3
1260,1764,No,3,17674,3,2,2
1261,1766,No,3,24539,1,3,4
1262,1767,Yes,3,15587,2,4,3
1263,1768,No,4,8952,3,2,2
1264,1770,No,3,19805,2,2,1
1265,1771,No,3,6194,3,4,2
1266,1772,No,4,20520,3,2,1
1267,1774,No,3,12313,3,3,3
1268,1775,No,4,22308,2,4,3
1269,1778,No,3,5033,3,2,4
1270,1779,No,3,25353,1,1,4
1271,1780,Yes,3,4567,3,2,2
1272,1782,No,3,16376,2,2,3
1273,1783,Yes,3,15999,3,3,1
1274,1784,No,3,13402,2,1,4
1275,1786,No,3,22984,3,4,3
1276,1787,No,3,8800,2,1,2
1277,1789,No,3,14218,3,3,4
1278,1790,No,3,25949,3,4,1
1279,1792,Yes,3,11092,3,3,2
1280,1794,No,3,12832,3,3,2
1281,1797,Yes,3,13492,3,4,4
1282,1798,No,3,6076,4,2,1
1283,1799,No,3,5531,3,3,4
1284,1800,No,4,7914,3,3,3
1285,1801,No,3,25166,2,3,2
1286,1802,No,3,25605,3,4,1
1287,1803,No,3,5696,4,3,1
1288,1804,No,3,24442,3,3,4
1289,1805,No,3,7129,3,4,2
1290,1807,Yes,3,6208,3,3,1
1291,1809,Yes,3,4992,3,2,1
1292,1812,No,3,19188,3,4,4
1293,1813,No,3,24978,3,3,3
1294,1814,No,3,15530,4,1,2
1295,1815,No,3,26458,3,4,3
1296,1816,No,3,2739,3,2,3
1297,1818,Yes,3,6889,3,3,2
1298,1821,Yes,4,10842,3,4,2
1299,1822,No,3,9060,3,4,4
1300,1823,No,4,22128,4,3,3
1301,1824,No,4,22577,3,4,2
1302,1826,No,3,9696,1,2,3
1303,1827,No,3,19271,2,3,2
1304,1829,No,3,10748,3,2,1
1305,1830,No,3,15696,3,2,4
1306,1833,No,3,8277,3,4,1
1307,1834,No,4,12719,3,3,1
1308,1835,No,4,4244,1,1,4
1309,1836,No,3,9125,3,1,4
1310,1837,No,3,21624,3,2,3
1311,1839,No,3,8018,3,3,3
1312,1842,Yes,3,21495,4,3,1
1313,1844,Yes,3,3157,2,4,1
1314,1845,No,4,19665,3,2,3
1315,1847,No,4,19573,3,4,2
1316,1849,No,4,19246,3,3,4
1317,1850,No,3,19826,3,3,4
1318,1852,No,3,7003,3,2,4
1319,1853,No,3,26075,3,3,4
1320,1854,No,4,6161,3,2,3
1321,1856,No,3,5411,3,3,3
1322,1857,No,3,19989,3,3,4
1323,1858,No,3,10494,3,2,4
1324,1859,No,3,21143,1,4,3
1325,1860,No,3,13624,3,4,3
1326,1862,Yes,3,26186,2,3,2
1327,1863,No,3,7739,4,4,1
1328,1864,No,4,7018,2,4,3
1329,1865,No,3,15434,2,4,2
1330,1866,No,3,22539,2,4,3
1331,1867,No,3,13583,2,4,2
1332,1868,Yes,4,14753,2,2,4
1333,1869,Yes,4,14011,3,3,2
1334,1870,No,3,23844,2,4,1
1335,1871,No,3,5141,3,2,4
1336,1873,No,4,7975,2,2,4
1337,1875,No,3,3692,3,4,2
1338,1876,Yes,3,16019,3,3,4
1339,1878,Yes,4,26092,3,1,2
1340,1880,No,3,6060,2,1,3
1341,1881,No,3,18624,3,1,3
1342,1882,No,3,24444,3,4,4
1343,1883,No,3,19384,3,2,1
1344,1885,No,4,13588,3,3,1
1345,1886,No,3,25388,2,4,2
1346,1888,No,3,23888,2,4,4
1347,1890,No,4,4223,2,4,4
1348,1892,No,3,18991,3,1,1
1349,1893,No,3,14908,2,3,3
1350,1898,No,3,26997,4,2,3
1351,1900,No,3,2437,3,2,4
1352,1903,No,3,9364,4,4,1
1353,1905,Yes,4,14460,1,2,1
1354,1907,Yes,3,10261,3,4,4
1355,1908,No,3,16822,2,3,2
1356,1909,No,4,26841,3,3,2
1357,1911,No,3,14842,3,2,1
1358,1912,No,3,20115,3,4,4
1359,1915,No,3,16495,2,3,4
1360,1916,No,3,16031,4,2,3
1361,1918,No,3,7102,4,1,4
1362,1922,No,3,14511,3,3,3
1363,1924,No,3,10410,3,2,3
1364,1927,No,3,19255,2,3,4
1365,1928,Yes,3,10642,4,4,1
1366,1929,No,3,3987,1,3,3
1367,1931,No,3,6073,3,3,2
1368,1932,No,3,26496,2,2,4
1369,1933,Yes,3,23352,3,4,3
1370,1934,No,3,2125,3,3,2
1371,1935,No,3,20328,2,3,1
1372,1936,No,4,12315,3,4,1
1373,1937,No,3,18115,2,3,2
1374,1938,No,3,11761,3,3,4
1375,1939,Yes,3,15318,4,1,3
1376,1940,No,3,14293,3,4,4
1377,1941,No,3,13738,3,4,4
1378,1943,No,3,2900,3,3,4
1379,1944,Yes,3,19555,2,1,2
1380,1945,No,3,15975,3,4,1
1381,1947,No,3,2122,3,3,3
1382,1948,No,3,3995,3,4,1
1383,1949,No,4,9238,4,2,2
1384,1950,No,4,6770,3,1,4
1385,1951,No,3,22914,3,3,3
1386,1952,No,3,20006,3,4,1
1387,1954,No,3,6225,3,1,1
1388,1955,No,3,16542,3,2,4
1389,1956,No,4,5771,1,2,1
1390,1960,Yes,3,18779,2,1,4
1391,1961,No,3,11473,2,1,1
1392,1962,No,3,13586,3,4,4
1393,1965,No,3,5099,3,1,4
1394,1966,No,4,10138,2,2,4
1395,1967,Yes,3,21075,3,3,4
1396,1968,Yes,3,5843,3,2,1
1397,1969,No,3,22474,3,3,3
1398,1970,No,4,18079,3,3,3
1399,1971,No,3,16873,3,2,3
1400,1972,No,3,5224,3,2,2
1401,1973,No,3,25811,4,1,2
1402,1974,No,3,17536,1,3,4
1403,1975,No,3,25098,3,1,1
1404,1976,No,3,14811,2,4,3
1405,1979,No,4,26862,3,3,3
1406,1980,No,3,25198,3,4,1
1407,1981,No,3,14120,2,2,3
1408,1982,No,3,13672,3,3,4
1409,1985,No,3,26849,3,1,3
1410,1986,No,3,4258,3,3,2
1411,1987,No,3,19655,3,3,2
1412,1989,No,3,4077,3,3,2
1413,1992,No,3,7298,3,3,3
1414,1993,No,4,13084,3,2,3
1415,1994,No,3,20439,2,3,3
1416,1995,No,3,7636,3,1,2
1417,1996,No,3,6393,3,3,3
1418,1997,No,3,14284,2,4,3
1419,1998,No,3,11189,3,3,1
1420,1999,No,4,21412,3,1,4
1421,2000,No,3,17231,3,1,2
1422,2003,No,3,20232,3,3,3
1423,2007,No,3,17624,3,4,3
1424,2008,No,3,18698,3,2,3
1425,2009,No,3,21653,3,1,4
1426,2010,No,3,15919,2,3,2
1427,2012,No,3,4060,3,3,4
1428,2013,No,3,18024,2,2,2
1429,2014,No,3,5340,3,1,4
1430,2015,No,3,3376,1,1,3
1431,2016,No,3,24032,3,3,4
1432,2017,No,4,15471,4,1,4
1433,2018,No,4,13684,3,2,3
1434,2019,No,3,19788,3,2,4
1435,2020,No,3,13422,3,3,4
1436,2021,No,3,25479,3,4,1
1437,2022,No,3,15302,3,3,4
1438,2023,Yes,3,26956,3,1,1
1439,2024,No,3,12695,2,3,4
1440,2025,No,3,9192,3,2,2
1441,2026,No,4,26236,3,1,3
1442,2027,Yes,3,26124,3,2,4
1443,2031,No,3,17312,3,1,3
1444,2032,Yes,3,3666,3,4,3
1445,2034,No,4,5640,2,3,2
1446,2035,No,4,8978,2,4,3
1447,2036,No,4,10436,1,1,4
1448,2037,No,3,12227,2,3,2
1449,2038,No,3,11288,3,4,1
1450,2040,No,3,16642,3,3,4
1451,2041,No,3,5982,3,3,4
1452,2044,Yes,3,14255,3,4,3
1453,2045,No,3,14369,2,1,4
1454,2046,No,3,23333,3,3,3
1455,2048,No,3,2725,2,4,3
1456,2049,No,3,24594,3,4,3
1457,2051,No,3,12549,3,2,3
1458,2052,No,3,8952,1,4,4
1459,2053,No,3,23679,2,1,2
1460,2054,No,3,8489,2,2,1
1461,2055,Yes,3,16586,2,2,1
1462,2056,No,3,8828,2,1,4
1463,2057,No,3,3787,3,2,1
1464,2060,No,3,21378,2,4,3
1465,2061,No,3,12290,4,3,4
1466,2062,No,3,21457,2,1,1
1467,2064,No,4,5174,4,2,2
1468,2065,No,3,13243,2,4,2
1469,2068,No,3,10228,4,1,3
